<ImportExportXml version="9.2.23084.170" SolutionPackageVersion="9.2" languagecode="1033" generatedBy="CrmLive" xmlns:xsi="http://www.w3.org/2001/XMLSchema-instance">
  <SolutionManifest>
    <UniqueName>AssetManagement</UniqueName>
    <LocalizedNames>
      <LocalizedName description="Asset Management" languagecode="1033" />
    </LocalizedNames>
    <Descriptions />
    <Version>1.0.0.1</Version>
    <Managed>1</Managed>
    <Publisher>
      <UniqueName>ParthaBora</UniqueName>
      <LocalizedNames>
        <LocalizedName description="Partha Bora" languagecode="1033" />
      </LocalizedNames>
      <Descriptions />
      <EMailAddress xsi:nil="true"></EMailAddress>
      <SupportingWebsiteUrl xsi:nil="true"></SupportingWebsiteUrl>
      <CustomizationPrefix>ppb</CustomizationPrefix>
      <CustomizationOptionValuePrefix>89426</CustomizationOptionValuePrefix>
      <Addresses>
        <Address>
          <AddressNumber>1</AddressNumber>
          <AddressTypeCode>1</AddressTypeCode>
          <City xsi:nil="true"></City>
          <County xsi:nil="true"></County>
          <Country xsi:nil="true"></Country>
          <Fax xsi:nil="true"></Fax>
          <FreightTermsCode xsi:nil="true"></FreightTermsCode>
          <ImportSequenceNumber xsi:nil="true"></ImportSequenceNumber>
          <Latitude xsi:nil="true"></Latitude>
          <Line1 xsi:nil="true"></Line1>
          <Line2 xsi:nil="true"></Line2>
          <Line3 xsi:nil="true"></Line3>
          <Longitude xsi:nil="true"></Longitude>
          <Name xsi:nil="true"></Name>
          <PostalCode xsi:nil="true"></PostalCode>
          <PostOfficeBox xsi:nil="true"></PostOfficeBox>
          <PrimaryContactName xsi:nil="true"></PrimaryContactName>
          <ShippingMethodCode>1</ShippingMethodCode>
          <StateOrProvince xsi:nil="true"></StateOrProvince>
          <Telephone1 xsi:nil="true"></Telephone1>
          <Telephone2 xsi:nil="true"></Telephone2>
          <Telephone3 xsi:nil="true"></Telephone3>
          <TimeZoneRuleVersionNumber xsi:nil="true"></TimeZoneRuleVersionNumber>
          <UPSZone xsi:nil="true"></UPSZone>
          <UTCOffset xsi:nil="true"></UTCOffset>
          <UTCConversionTimeZoneCode xsi:nil="true"></UTCConversionTimeZoneCode>
        </Address>
        <Address>
          <AddressNumber>2</AddressNumber>
          <AddressTypeCode>1</AddressTypeCode>
          <City xsi:nil="true"></City>
          <County xsi:nil="true"></County>
          <Country xsi:nil="true"></Country>
          <Fax xsi:nil="true"></Fax>
          <FreightTermsCode xsi:nil="true"></FreightTermsCode>
          <ImportSequenceNumber xsi:nil="true"></ImportSequenceNumber>
          <Latitude xsi:nil="true"></Latitude>
          <Line1 xsi:nil="true"></Line1>
          <Line2 xsi:nil="true"></Line2>
          <Line3 xsi:nil="true"></Line3>
          <Longitude xsi:nil="true"></Longitude>
          <Name xsi:nil="true"></Name>
          <PostalCode xsi:nil="true"></PostalCode>
          <PostOfficeBox xsi:nil="true"></PostOfficeBox>
          <PrimaryContactName xsi:nil="true"></PrimaryContactName>
          <ShippingMethodCode>1</ShippingMethodCode>
          <StateOrProvince xsi:nil="true"></StateOrProvince>
          <Telephone1 xsi:nil="true"></Telephone1>
          <Telephone2 xsi:nil="true"></Telephone2>
          <Telephone3 xsi:nil="true"></Telephone3>
          <TimeZoneRuleVersionNumber xsi:nil="true"></TimeZoneRuleVersionNumber>
          <UPSZone xsi:nil="true"></UPSZone>
          <UTCOffset xsi:nil="true"></UTCOffset>
          <UTCConversionTimeZoneCode xsi:nil="true"></UTCConversionTimeZoneCode>
        </Address>
      </Addresses>
    </Publisher>
    <RootComponents>
      <RootComponent type="1" schemaName="contact" behavior="2" />
      <RootComponent type="1" schemaName="ppb_asset" behavior="0" />
      <RootComponent type="1" schemaName="ppb_assetallocation" behavior="0" />
      <RootComponent type="1" schemaName="ppb_asssetcheck" behavior="0" />
      <RootComponent type="9" schemaName="ppb_allocationcheck" behavior="0" />
      <RootComponent type="9" schemaName="ppb_allocationstatus" behavior="0" />
      <RootComponent type="9" schemaName="ppb_approvalstatus" behavior="0" />
      <RootComponent type="61" schemaName="msdyn_/Icons/AnalysisResult.svg" behavior="0" />
      <RootComponent type="61" schemaName="msdyn_/RichTextEditorControl/libs/ckeditor_latest/skins/superowa/images/hidpi/checkmark.png" behavior="0" />
      <RootComponent type="61" schemaName="ppb_asseticon" behavior="0" />
      <RootComponent type="431" schemaName="contact ppb_profilepicture" behavior="0" />
    </RootComponents>
    <MissingDependencies>
      <MissingDependency>
        <Required type="61" schemaName="msdyn_/Icons/AnalysisResult.svg" displayName="msdyn_/Icons/AnalysisResult.svg" solution="msdyn_PowerAppsChecker (2.0.0.8)" />
        <Dependent type="1" schemaName="ppb_assetallocation" displayName="Asset Allocation" />
      </MissingDependency>
      <MissingDependency>
        <Required type="61" schemaName="msdyn_/Icons/AnalysisResult.svg" displayName="msdyn_/Icons/AnalysisResult.svg" solution="msdyn_PowerAppsChecker (2.0.0.8)" />
        <Dependent type="61" schemaName="msdyn_/Icons/AnalysisResult.svg" displayName="msdyn_/Icons/AnalysisResult.svg" />
      </MissingDependency>
      <MissingDependency>
        <Required type="61" schemaName="msdyn_/RichTextEditorControl/libs/ckeditor_latest/skins/superowa/images/hidpi/checkmark.png" displayName="msdyn_/RichTextEditorControl/libs/ckeditor_latest/skins/superowa/images/hidpi/checkmark.png" solution="msdyn_RichTextEditor (1.0.0.2699)" />
        <Dependent type="1" schemaName="ppb_asssetcheck" displayName="Assset Check" />
      </MissingDependency>
      <MissingDependency>
        <Required type="61" schemaName="msdyn_/RichTextEditorControl/libs/ckeditor_latest/skins/superowa/images/hidpi/checkmark.png" displayName="msdyn_/RichTextEditorControl/libs/ckeditor_latest/skins/superowa/images/hidpi/checkmark.png" solution="msdyn_RichTextEditor (1.0.0.2699)" />
        <Dependent type="61" schemaName="msdyn_/RichTextEditorControl/libs/ckeditor_latest/skins/superowa/images/hidpi/checkmark.png" displayName="msdyn_/RichTextEditorControl/libs/ckeditor_latest/skins/superowa/images/hidpi/checkmark.png" />
      </MissingDependency>
      <MissingDependency>
        <Required type="66" schemaName="MscrmControls.FieldControls.ToggleControl" displayName="MscrmControls.FieldControls.ToggleControl" solution="BaseCustomControlsCore (9.0.2308.4014)" />
        <Dependent type="60" displayName="Asset Allocation main form" parentDisplayName="Asset Allocation" id="{60d0e770-5953-ee11-be6f-6045bdaaf09f}" />
      </MissingDependency>
      <MissingDependency>
        <Required type="66" schemaName="MscrmControls.Rating.StarRatingControl" displayName="MscrmControls.Rating.StarRatingControl" solution="CustomControlsCore (9.2.23084.00170)" />
        <Dependent type="60" displayName="Assset Check main form" parentDisplayName="Assset Check" id="{e02d5354-5553-ee11-be6f-6045bdaaf09f}" />
      </MissingDependency>
    </MissingDependencies>
  </SolutionManifest>
</ImportExportXml>